"p_day","day_of_week","sale_index","sale_amount","sale_amount_index","high_degree","low_degree","weather_old","weather_new","weather_level","weather_new2","weather_level2","winddirection","windforce","windforce_level","year","month"
2016-06-02,3,1.218368609,6660,5466.325995,35,27,"晴","晴",1,"阴晴云",1,"东南风","2级",2,2016,6
2016-06-03,4,1.272917252,4544,3569.752858,35,27,"雷阵雨","雷阵雨",6,"小到中雨",2,"东北风","2级",2,2016,6
2016-06-04,5,1.684613969,10635,6313.019003,35,24,"雷阵雨-大雨","大雨",10,"中到大雨",3,"西北风","2级",2,2016,6
2016-06-05,6,1.750508984,12048,6882.569645,29,24,"大到暴雨-中到大雨","大到暴雨",11,"大到暴雨",4,"西北风","",NA,2016,6
2016-06-06,0,1.015275637,15856,15617.43375,30,24,"雷阵雨-多云","雷阵雨",6,"小到中雨",2,"东北风","2级",2,2016,6
2016-06-07,1,1.098062937,4449,4051.680326,32,25,"多云-雷阵雨","雷阵雨",6,"小到中雨",2,"微风","2级",2,2016,6
2016-06-13,0,1.015275637,10015,9864.316283,31,25,"中到大雨-雷阵雨","中到大雨",9,"中到大雨",3,"西北风","2级",2,2016,6
2016-06-14,1,1.098062937,9741,8871.07621,33,25,"大雨-大到暴雨","大到暴雨",11,"大到暴雨",4,"西北风","2级",2,2016,6
2016-06-15,2,1.07025261,7217,6743.267834,33,25,"大到暴雨","大到暴雨",11,"大到暴雨",4,"东北风","2级",2,2016,6
2016-06-16,3,1.218368609,8928,7327.831603,31,25,"中到大雨-雷阵雨","中到大雨",9,"中到大雨",3,"西南风","2级",2,2016,6
2016-06-17,4,1.272917252,10279,8075.151767,32,26,"雷阵雨-多云","雷阵雨",6,"小到中雨",2,"东北风","2级",2,2016,6
2016-06-18,5,1.684613969,14362,8525.395291,34,26,"多云-晴","多云",2,"阴晴云",1,"东南风","2级",2,2016,6
2016-06-19,6,1.750508984,13009,7431.552831,35,26,"晴-多云","多云",2,"阴晴云",1,"西南风","2级",2,2016,6
2016-06-20,0,1.015275637,4696,4625.344909,33,26,"晴","晴",1,"阴晴云",1,"东南风","2级",2,2016,6
2016-06-21,1,1.098062937,7671,6985.938364,35,27,"晴","晴",1,"阴晴云",1,"东南风","2级",2,2016,6
2016-06-22,2,1.07025261,8032,7504.770299,36,26,"多云","多云",2,"阴晴云",1,"东南风","2级",2,2016,6
2016-06-23,3,1.218368609,14431,11844.52709,35,27,"晴","晴",1,"阴晴云",1,"东南风","2级",2,2016,6
2016-06-24,4,1.272917252,10243,8046.870274,35,27,"晴-雷阵雨","雷阵雨",6,"小到中雨",2,"无持续风向","2级",2,2016,6
2016-06-25,5,1.684613969,15135,8984.254124,35,27,"多云","多云",2,"阴晴云",1,"东北风","2级",2,2016,6
2016-06-26,6,1.750508984,15061,8603.783319,35,28,"晴-多云","多云",2,"阴晴云",1,"东南风","2级",2,2016,6
2016-06-27,0,1.015275637,5939,5849.642976,36,27,"晴-多云","多云",2,"阴晴云",1,"西北风","2级",2,2016,6
2016-06-28,1,1.098062937,8609,7840.16991,33,26,"雷阵雨","雷阵雨",6,"小到中雨",2,"西北风","2级",2,2016,6
2016-06-29,2,1.07025261,7290,6811.476031,32,26,"雷阵雨","雷阵雨",6,"小到中雨",2,"东北风","2级",2,2016,6
2016-07-02,5,1.684613969,15383,9131.468859,32,26,"中雨","中雨",8,"中到大雨",3,"东南风","2级",2,2016,7
2016-07-03,6,1.750508984,18328,10470.09765,33,26,"中雨-中到大雨","中到大雨",9,"中到大雨",3,"东南风","2级",2,2016,7
2016-07-04,0,1.015275637,12911,12716.74364,32,25,"中到大雨","中到大雨",9,"中到大雨",3,"","2级",2,2016,7
2016-07-05,1,1.098062937,7138,6500.538136,33,26,"雷阵雨","雷阵雨",6,"小到中雨",2,"","2级",2,2016,7
2016-07-06,2,1.07025261,10529,9837.864352,33,26,"雷阵雨-多云","雷阵雨",6,"小到中雨",2,"","2级",2,2016,7
2016-07-07,3,1.218368609,10872,8923.40784,36,26,"晴","晴",1,"阴晴云",1,"","2级",2,2016,7
2016-07-08,4,1.272917252,9122,7166.216015,37,27,"晴-多云","多云",2,"阴晴云",1,"","2级",2,2016,7
2016-07-09,5,1.684613969,12275,7286.535802,37,28,"多云","多云",2,"阴晴云",1,"","2级",2,2016,7
2016-07-10,6,1.750508984,12019,6866.003035,33,25,"中雨","中雨",8,"中到大雨",3,"","2级",2,2016,7
2016-07-11,0,1.015275637,9453,9310.772024,33,26,"中雨-雷阵雨","中雨",8,"中到大雨",3,"","2级",2,2016,7
2016-07-12,1,1.098062937,7309,6656.266915,32,26,"雷阵雨","雷阵雨",6,"小到中雨",2,"西南风","2级",2,2016,7
2016-07-13,2,1.07025261,9640,9007.219333,31,26,"雷阵雨","雷阵雨",6,"小到中雨",2,"北风","2级",2,2016,7
2016-07-14,3,1.218368609,12161,9981.379943,33,26,"雷阵雨","雷阵雨",6,"小到中雨",2,"东南风","2级",2,2016,7
2016-07-15,4,1.272917252,8754,6877.116312,34,26,"雷阵雨转多云","雷阵雨",6,"小到中雨",2,"东北风","2级",2,2016,7
2016-07-16,5,1.684613969,13440,7978.088895,35,27,"晴","晴",1,"阴晴云",1,"东风","2级",2,2016,7
2016-07-17,6,1.750508984,11975,6840.867488,35,27,"晴","晴",1,"阴晴云",1,"东风","2级",2,2016,7
2016-07-18,0,1.015275637,5594,5509.833778,35,27,"晴转多云","多云",2,"阴晴云",1,"南风","2级",2,2016,7
2016-07-19,1,1.098062937,8925,8127.949407,35,27,"多云","多云",2,"阴晴云",1,"东南风","2级",2,2016,7
2016-07-20,2,1.07025261,6150,5746.306939,35,27,"多云","多云",2,"阴晴云",1,"东南风","2级",2,2016,7
2016-07-21,3,1.218368609,12609,10349.08475,36,27,"晴","晴",1,"阴晴云",1,"南风","2级",2,2016,7
2016-07-22,4,1.272917252,9146,7185.070344,36,27,"晴","晴",1,"阴晴云",1,"东风","2级",2,2016,7
2016-07-23,5,1.684613969,8131,4826.62506,36,27,"晴","晴",1,"阴晴云",1,"东南风","2级",2,2016,7
2016-07-24,6,1.750508984,14206,8115.353949,36,27,"晴","晴",1,"阴晴云",1,"西南风","2级",2,2016,7
2016-07-25,0,1.015275637,9152,9014.300811,37,28,"晴","晴",1,"阴晴云",1,"南风","2级",2,2016,7
2016-07-26,1,1.098062937,5251,4782.057404,36,26,"多云","多云",2,"阴晴云",1,"东南风","2级",2,2016,7
2016-07-27,2,1.07025261,5515,5152.989068,34,27,"雷阵雨","雷阵雨",6,"小到中雨",2,"东南风","2级",2,2016,7
2016-07-28,3,1.218368609,7138,5858.653896,35,27,"多云","多云",2,"阴晴云",1,"西风","2级",2,2016,7
2016-07-29,4,1.272917252,12579,9882.024913,36,27,"晴","晴",1,"阴晴云",1,"南风","2级",2,2016,7
2016-07-30,5,1.684613969,11452,6797.996579,37,28,"晴","晴",1,"阴晴云",1,"西北风","2级",2,2016,7
2016-08-02,1,1.098062937,3336,3038.077224,29,25,"大暴雨","大暴雨",13,"大到暴雨",4,"微风","1级",1,2016,8
2016-08-03,2,1.07025261,5920,5531.404403,31,25,"雷阵雨","雷阵雨",6,"小到中雨",2,"东风","1级",1,2016,8
2016-08-04,3,1.218368609,10575,8679.639248,32,26,"多云","多云",2,"阴晴云",1,"东南风","2级",2,2016,8
2016-08-05,4,1.272917252,10993,8636.068039,34,26,"多云","多云",2,"阴晴云",1,"北风","1级",1,2016,8
2016-08-06,5,1.684613969,17458,10363.20505,35,27,"晴","晴",1,"阴晴云",1,"东北风","1级",1,2016,8
2016-08-07,6,1.750508984,15261,8718.035803,36,27,"晴","晴",1,"阴晴云",1,"东风","1级",1,2016,8
2016-08-08,0,1.015275637,5470,5387.699458,35,27,"雷阵雨","雷阵雨",6,"小到中雨",2,"东北风","1级",1,2016,8
2016-08-10,2,1.07025261,6347,5930.375633,31,26,"中到大雨","中到大雨",9,"中到大雨",3,"北风","1级",1,2016,8
2016-08-11,3,1.218368609,5010,4112.056041,32,26,"雷阵雨","雷阵雨",6,"小到中雨",2,"西南风","1级",1,2016,8
2016-08-12,4,1.272917252,6605,5188.868316,30,26,"大雨","大雨",10,"中到大雨",3,"东北风","1级",1,2016,8
2016-08-13,5,1.684613969,11380,6755.256817,32,25,"雷阵雨","雷阵雨",6,"小到中雨",2,"东北风","1级",1,2016,8
2016-08-14,6,1.750508984,7373,4211.917828,32,26,"中雨","中雨",8,"中到大雨",3,"南风","1级",1,2016,8
2016-08-15,0,1.015275637,4240,4176.205795,31,25,"大雨","大雨",10,"中到大雨",3,"南风","微风",0,2016,8
2016-08-16,1,1.098062937,7525,6852.976951,31,25,"大雨","大雨",10,"中到大雨",3,"东风","1级",1,2016,8
2016-08-17,2,1.07025261,4589,4287.772771,31,25,"雷阵雨","雷阵雨",6,"小到中雨",2,"东南风","2级",2,2016,8
2016-08-18,3,1.218368609,6832,5607.498378,30,25,"大雨","大雨",10,"中到大雨",3,"东风","2级",2,2016,8
2016-08-19,4,1.272917252,8257,6486.674593,32,26,"雷阵雨","雷阵雨",6,"小到中雨",2,"东南风","1级",1,2016,8
2016-08-20,5,1.684613969,14572,8650.05293,34,26,"多云","多云",2,"阴晴云",1,"西南风","微风",0,2016,8
2016-08-21,6,1.750508984,11853,6771.173473,35,27,"雷阵雨","雷阵雨",6,"小到中雨",2,"南风","2级",2,2016,8
2016-08-22,0,1.015275637,10781,10618.7912,35,27,"多云","多云",2,"阴晴云",1,"东南风","2级",2,2016,8
2016-08-23,1,1.098062937,9018,8212.644006,35,27,"多云","多云",2,"阴晴云",1,"西风","微风",0,2016,8
2016-08-24,2,1.07025261,6262,5850.955131,36,28,"多云","多云",2,"阴晴云",1,"东北风","1级",1,2016,8
2016-08-25,3,1.218368609,5952,4885.221069,36,27,"多云","多云",2,"阴晴云",1,"东北风","1级",1,2016,8
2016-08-26,4,1.272917252,10360,8138.785126,35,25,"雷阵雨","雷阵雨",6,"小到中雨",2,"北风","1级",1,2016,8
2016-08-27,5,1.684613969,8360,4962.561247,32,24,"雷阵雨","雷阵雨",6,"小到中雨",2,"东北风","2级",2,2016,8
2016-08-28,6,1.750508984,15479,8842.571011,33,26,"多云","多云",2,"阴晴云",1,"东北风","2级",2,2016,8
2016-08-29,0,1.015275637,5026,4950.379794,33,26,"晴","晴",1,"阴晴云",1,"东北风","2级",2,2016,8
2016-08-30,1,1.098062937,7988,7274.628556,32,25,"多云","多云",2,"阴晴云",1,"西南风","1级",1,2016,8
2016-09-02,4,1.272917252,9405,7388.539972,31,25,"中到大雨","中到大雨",9,"中到大雨",3,"东南风","1级",1,2016,9
2016-09-03,5,1.684613969,11235,6669.183686,31,25,"中雨","中雨",8,"中到大雨",3,"东南风","1级",1,2016,9
2016-09-04,6,1.750508984,8839,5049.388537,31,26,"雷阵雨","雷阵雨",6,"小到中雨",2,"东风","1级",1,2016,9
2016-09-05,0,1.015275637,7322,7211.83463,32,26,"雷阵雨","雷阵雨",6,"小到中雨",2,"东风","2级",2,2016,9
2016-09-06,1,1.098062937,6814,6205.473082,33,26,"雷阵雨","雷阵雨",6,"小到中雨",2,"东北风","1级",1,2016,9
2016-09-07,2,1.07025261,7334,6852.58782,31,25,"中雨","中雨",8,"中到大雨",3,"西风","1级",1,2016,9
2016-09-08,3,1.218368609,13963,11460.40689,32,26,"雷阵雨","雷阵雨",6,"小到中雨",2,"东北风","1级",1,2016,9
2016-09-09,4,1.272917252,8152,6404.186906,32,26,"雷阵雨","雷阵雨",6,"小到中雨",2,"东风","1级",1,2016,9
2016-09-10,5,1.684613969,12716,7548.316844,30,25,"大雨","大雨",10,"中到大雨",3,"东北风","1级",1,2016,9
2016-09-11,6,1.750508984,10454,5971.977346,30,25,"小到中雨","小到中雨",7,"小到中雨",2,"南风","1级",1,2016,9
2016-09-12,0,1.015275637,6005,5914.649953,33,24,"多云","多云",2,"阴晴云",1,"北风","1级",1,2016,9
2016-09-13,1,1.098062937,12184,11095.90315,35,26,"多云","多云",2,"阴晴云",1,"东北风","1级",1,2016,9
2016-09-19,0,1.015275637,4410,4343.648009,32,23,"晴","晴",1,"阴晴云",1,"北风","2级",2,2016,9
2016-09-20,1,1.098062937,11108,10115.99574,31,24,"多云","多云",2,"阴晴云",1,"东风","1级",1,2016,9
2016-09-21,2,1.07025261,8007,7481.411327,31,24,"多云","多云",2,"阴晴云",1,"北风","1级",1,2016,9
2016-09-22,3,1.218368609,10268,8427.66296,32,24,"晴","晴",1,"阴晴云",1,"西南风","1级",1,2016,9
2016-09-23,4,1.272917252,9113,7159.145642,32,25,"晴","晴",1,"阴晴云",1,"南风","1级",1,2016,9
2016-09-24,5,1.684613969,16417,9745.259329,32,25,"多云","多云",2,"阴晴云",1,"东南风","1级",1,2016,9
2016-09-25,6,1.750508984,15953,9113.349398,33,26,"多云","多云",2,"阴晴云",1,"西北风","1级",1,2016,9
2016-09-26,0,1.015275637,10299,10144.04327,34,26,"多云","多云",2,"阴晴云",1,"东北风","1级",1,2016,9
2016-09-27,1,1.098062937,12377,11271.66721,35,27,"多云","多云",2,"阴晴云",1,"南风","1级",1,2016,9
2016-09-28,2,1.07025261,15142,14148.06174,34,28,"多云","多云",2,"阴晴云",1,"南风","2级",2,2016,9
2016-09-29,3,1.218368609,12095,9927.209145,28,21,"阵雨","阵雨",5,"小到中雨",2,"东风","1级",1,2016,9
2016-10-10,0,1.015275637,4329,4263.866719,30,22,"多云","多云",2,"阴晴云",1,"北风","2级",2,2016,10
2016-10-11,1,1.098062937,3739,3405.087152,28,21,"小雨","小雨",4,"小到中雨",2,"北风","2级",2,2016,10
2016-10-12,2,1.07025261,6844,6394.751983,25,20,"小到中雨","小到中雨",7,"小到中雨",2,"东北风","2级",2,2016,10
2016-10-13,3,1.218368609,15815,12980.47231,28,22,"多云","多云",2,"阴晴云",1,"东北风","1级",1,2016,10
2016-10-14,4,1.272917252,9043,7104.153851,30,20,"多云","多云",2,"阴晴云",1,"东北风","1级",1,2016,10
2016-10-15,5,1.684613969,14813,8793.112411,31,21,"多云","多云",2,"阴晴云",1,"东北风","1级",1,2016,10
2016-10-16,6,1.750508984,10723,6125.646938,32,24,"晴","晴",1,"阴晴云",1,"北风","2级",2,2016,10
2016-10-17,0,1.015275637,7464,7351.698126,32,23,"多云","多云",2,"阴晴云",1,"北风","2级",2,2016,10
2016-10-18,1,1.098062937,3231,2942.454289,26,23,"大雨","大雨",10,"中到大雨",3,"东北风","1级",1,2016,10
2016-10-19,2,1.07025261,10686,9984.558692,27,23,"阵雨","阵雨",5,"小到中雨",2,"东南风","1级",1,2016,10
2016-10-20,3,1.218368609,6678,5481.099849,31,24,"多云","多云",2,"阴晴云",1,"北风","2级",2,2016,10
2016-10-21,4,1.272917252,8631,6780.487878,27,24,"暴雨","暴雨",12,"大到暴雨",4,"西风","2级",2,2016,10
2016-10-22,5,1.684613969,15706,9323.20418,30,24,"多云","多云",2,"阴晴云",1,"东南风","1级",1,2016,10
2016-10-23,6,1.750508984,13004,7428.696519,31,24,"多云","多云",2,"阴晴云",1,"东风","1级",1,2016,10
2016-10-24,0,1.015275637,6310,6215.060983,30,24,"多云","多云",2,"阴晴云",1,"东南风","2级",2,2016,10
2016-10-25,1,1.098062937,11089,10098.69255,31,24,"多云","多云",2,"阴晴云",1,"东南风","2级",2,2016,10
2016-10-26,2,1.07025261,8274,7730.885141,32,25,"晴","晴",1,"阴晴云",1,"东北风","1级",1,2016,10
2016-10-27,3,1.218368609,6336,5200.396622,33,24,"晴","晴",1,"阴晴云",1,"东南风","1级",1,2016,10
2016-10-28,4,1.272917252,8862,6961.96079,33,22,"晴","晴",1,"阴晴云",1,"东北风","1级",1,2016,10
2016-10-29,5,1.684613969,13630,8090.874378,29,20,"多云","多云",2,"阴晴云",1,"东北风","2级",2,2016,10
2016-10-30,6,1.750508984,15318,8750.597761,28,19,"晴","晴",1,"阴晴云",1,"东北风","1级",1,2016,10
2016-11-02,2,1.07025261,15511,14492.84015,25,17,"多云","多云",2,"阴晴云",1,"东北风","2级",2,2016,11
2016-11-03,3,1.218368609,15223,12494.57667,25,16,"多云","多云",2,"阴晴云",1,"东北风","2级",2,2016,11
2016-11-04,4,1.272917252,11663,9162.418043,26,17,"晴","晴",1,"阴晴云",1,"东北风","1级",1,2016,11
2016-11-05,5,1.684613969,8160,4843.839686,27,17,"晴","晴",1,"阴晴云",1,"北风","1级",1,2016,11
2016-11-06,6,1.750508984,15799,9025.374985,28,19,"晴","晴",1,"阴晴云",1,"东北风","1级",1,2016,11
2016-11-07,0,1.015275637,9842,9693.919207,29,19,"多云","多云",2,"阴晴云",1,"东北风","1级",1,2016,11
2016-11-08,1,1.098062937,12804,11660.5338,25,15,"多云","多云",2,"阴晴云",1,"北风","2级",2,2016,11
2016-11-09,2,1.07025261,13980,13062.33675,19,12,"阴","阴",3,"阴晴云",1,"东北风","2级",2,2016,11
2016-11-10,3,1.218368609,17156,14081.12444,16,13,"小雨","小雨",4,"小到中雨",2,"北风","1级",1,2016,11
2016-11-12,5,1.684613969,18800,11159.82673,22,16,"阴","阴",3,"阴晴云",1,"西南风","1级",1,2016,11
2016-11-13,6,1.750508984,11859.8,6775.058057,28,21,"多云","多云",2,"阴晴云",1,"东南风","1级",1,2016,11
2016-11-14,0,1.015275637,8314,8188.909194,29,20,"多云","多云",2,"阴晴云",1,"东北风","1级",1,2016,11
2016-11-15,1,1.098062937,7158.16,6518.89774,29,20,"多云","多云",2,"阴晴云",1,"南风","1级",1,2016,11
2016-11-16,2,1.07025261,8950,8362.511725,30,21,"多云","多云",2,"阴晴云",1,"南风","1级",1,2016,11
2016-11-17,3,1.218368609,13624,11182.16597,30,21,"多云","多云",2,"阴晴云",1,"东北风","1级",1,2016,11
2016-11-18,4,1.272917252,3710,2914.564944,28,22,"多云","多云",2,"阴晴云",1,"东北风","1级",1,2016,11
2016-11-19,5,1.684613969,9957.7,5910.968437,27,22,"阵雨","阵雨",5,"小到中雨",2,"东北风","微风",0,2016,11
2016-11-20,6,1.750508984,16629,9499.522794,26,22,"小到中雨","小到中雨",7,"小到中雨",2,"南风","微风",0,2016,11
2016-11-21,0,1.015275637,4352,4286.520665,27,22,"阵雨","阵雨",5,"小到中雨",2,"东风","1级",1,2016,11
2016-11-22,1,1.098062937,8866,8074.218425,26,18,"中到大雨","中到大雨",9,"中到大雨",3,"东风","1级",1,2016,11
2016-11-23,2,1.07025261,11024,10300.37198,18,10,"小雨","小雨",4,"小到中雨",2,"东北风","3级",3,2016,11
2016-11-25,4,1.272917252,19841,15587.03047,14,11,"小雨","小雨",4,"小到中雨",2,"南风","1级",1,2016,11
2016-11-26,5,1.684613969,20671,12270.46693,12,10,"中到大雨","中到大雨",9,"中到大雨",3,"东北风","2级",2,2016,11
2016-11-27,6,1.750508984,22807,13028.78203,17,10,"多云","多云",2,"阴晴云",1,"北风","1级",1,2016,11
2016-11-28,0,1.015275637,12645,12454.74582,20,11,"晴","晴",1,"阴晴云",1,"东北风","1级",1,2016,11
2016-11-29,1,1.098062937,5691,5182.763033,20,11,"阴","阴",3,"阴晴云",1,"西风","1级",1,2016,11
2016-12-02,4,1.272917252,7938,6236.069144,23,15,"多云","多云",2,"阴晴云",1,"西南风","微风",0,2016,12
2016-12-03,5,1.684613969,11509,6831.832224,23,15,"多云","多云",2,"阴晴云",1,"东北风","1级",1,2016,12
2016-12-04,6,1.750508984,18308,10458.6724,25,16,"多云","多云",2,"阴晴云",1,"北风","微风",0,2016,12
2016-12-05,0,1.015275637,11172,11003.90829,26,15,"多云","多云",2,"阴晴云",1,"北风","2级",2,2016,12
2016-12-06,1,1.098062937,16264,14811.53716,20,11,"多云","多云",2,"阴晴云",1,"东北风","2级",2,2016,12
2016-12-07,2,1.07025261,8976,8386.805055,22,12,"晴","晴",1,"阴晴云",1,"南风","1级",1,2016,12
2016-12-08,3,1.218368609,5935,4871.267985,23,12,"多云","多云",2,"阴晴云",1,"东北风","1级",1,2016,12
2016-12-09,4,1.272917252,6383.5,5014.858576,24,12,"晴","晴",1,"阴晴云",1,"东北风","1级",1,2016,12
2016-12-10,5,1.684613969,13984,8301.011541,24,13,"多云","多云",2,"阴晴云",1,"西北风","微风",0,2016,12
2016-12-11,6,1.750508984,22288,12732.29683,25,15,"多云","多云",2,"阴晴云",1,"南风","1级",1,2016,12
2016-12-12,0,1.015275637,10238,10083.96107,25,17,"多云","多云",2,"阴晴云",1,"西南风","1级",1,2016,12
2016-12-13,1,1.098062937,10413,9483.062989,25,15,"多云","多云",2,"阴晴云",1,"北风","2级",2,2016,12
2016-12-14,2,1.07025261,6633,6197.602265,21,11,"多云","多云",2,"阴晴云",1,"东北风","2级",2,2016,12
2016-12-15,3,1.218368609,9096,7465.720908,19,10,"晴","晴",1,"阴晴云",1,"东北风","2级",2,2016,12
2016-12-16,4,1.272917252,13746,10798.81664,19,8,"晴","晴",1,"阴晴云",1,"东北风","1级",1,2016,12
2016-12-17,5,1.684613969,15785,9370.099197,20,9,"多云","多云",2,"阴晴云",1,"北风","微风",0,2016,12
2016-12-18,6,1.750508984,8153,4657.502516,22,15,"多云","多云",2,"阴晴云",1,"东北风","1级",1,2016,12
2016-12-19,0,1.015275637,7056,6949.836814,24,17,"多云","多云",2,"阴晴云",1,"东北风","1级",1,2016,12
2016-12-20,1,1.098062937,4978,4533.437776,26,18,"多云","多云",2,"阴晴云",1,"东北风","1级",1,2016,12
2016-12-21,2,1.07025261,10010,9352.932108,26,16,"小雨","小雨",4,"小到中雨",2,"东风","1级",1,2016,12
2016-12-22,3,1.218368609,9430,7739.857977,22,12,"晴","晴",1,"阴晴云",1,"北风","2级",2,2016,12
2016-12-23,4,1.272917252,11055,8684.775055,22,15,"多云","多云",2,"阴晴云",1,"东北风","微风",0,2016,12
2016-12-26,0,1.015275637,10524,10365.65797,24,11,"多云","多云",2,"阴晴云",1,"东北风","2级",2,2016,12
2016-12-27,1,1.098062937,10132.8,9227.886358,16,7,"晴","晴",1,"阴晴云",1,"东北风","2级",2,2016,12
2016-12-28,2,1.07025261,14804,13832.24844,16,8,"晴","晴",1,"阴晴云",1,"东北风","2级",2,2016,12
2016-12-29,3,1.218368609,7837,6432.371895,16,7,"多云","多云",2,"阴晴云",1,"北风","2级",2,2016,12
2017-01-04,2,1.07025261,9946,9293.133141,27,17,"晴","晴",1,"阴晴云",1,"东北风","1级",1,2017,1
2017-01-05,3,1.218368609,10828,8887.293974,25,17,"多云","多云",2,"阴晴云",1,"东北风","1级",1,2017,1
2017-01-06,4,1.272917252,12693,9971.582973,26,17,"多云","多云",2,"阴晴云",1,"东北风","1级",1,2017,1
2017-01-07,5,1.684613969,14987.5,8896.696973,25,18,"小雨","小雨",4,"小到中雨",2,"东北风","1级",1,2017,1
2017-01-08,6,1.750508984,16821.36,9609.410834,23,14,"多云","多云",2,"阴晴云",1,"东北风","3级",3,2017,1
2017-01-09,0,1.015275637,4023,3962.470735,24,15,"多云","多云",2,"阴晴云",1,"东风","1级",1,2017,1
2017-01-10,1,1.098062937,19082,17377.87457,24,15,"多云","多云",2,"阴晴云",1,"东北风","1级",1,2017,1
2017-01-11,2,1.07025261,13400.08,12520.48336,20,13,"小雨","小雨",4,"小到中雨",2,"北风","2级",2,2017,1
2017-01-12,3,1.218368609,13993,11485.02998,16,12,"小雨","小雨",4,"小到中雨",2,"东北风","2级",2,2017,1
2017-01-13,4,1.272917252,15124,11881.36933,13,11,"小雨","小雨",4,"小到中雨",2,"北风","2级",2,2017,1
2017-01-14,5,1.684613969,19521.4,11588.0554,14,10,"小雨","小雨",4,"小到中雨",2,"北风","1级",1,2017,1
2017-01-15,6,1.750508984,16112,9204.180123,14,11,"小雨","小雨",4,"小到中雨",2,"东北风","1级",1,2017,1
2017-01-16,0,1.015275637,11193,11024.59233,16,10,"小雨","小雨",4,"小到中雨",2,"东北风","1级",1,2017,1
2017-01-17,1,1.098062937,13187,12009.32984,16,12,"小雨","小雨",4,"小到中雨",2,"南风","1级",1,2017,1
2017-01-18,2,1.07025261,17820,16650.27474,19,14,"阴","阴",3,"阴晴云",1,"东南风","1级",1,2017,1
2017-01-19,3,1.218368609,20941.96,17188.52557,22,12,"小雨","小雨",4,"小到中雨",2,"南风","1级",1,2017,1
2017-02-10,4,1.272917252,8170,6418.327652,16,8,"晴","晴",1,"阴晴云",1,"东北风","2级",2,2017,2
2017-02-11,5,1.684613969,11425,6781.969168,16,6,"晴","晴",1,"阴晴云",1,"南风","1级",1,2017,2
2017-02-12,6,1.750508984,13090,7477.825087,19,7,"晴","晴",1,"阴晴云",1,"东北风","1级",1,2017,2
2017-02-13,0,1.015275637,7939,7819.55137,21,9,"晴","晴",1,"阴晴云",1,"北风","1级",1,2017,2
2017-02-15,2,1.07025261,6719,6277.957126,25,12,"晴","晴",1,"阴晴云",1,"南风","1级",1,2017,2
2017-02-16,3,1.218368609,10650,8741.196973,25,13,"晴","晴",1,"阴晴云",1,"南风","1级",1,2017,2
2017-02-17,4,1.272917252,11037,8670.634308,26,14,"晴","晴",1,"阴晴云",1,"西南风","微风",0,2017,2
2017-02-18,5,1.684613969,13650,8102.746534,27,16,"晴","晴",1,"阴晴云",1,"东南风","1级",1,2017,2
2017-02-19,6,1.750508984,8037,4591.236075,26,17,"多云","多云",2,"阴晴云",1,"南风","1级",1,2017,2
2017-02-20,0,1.015275637,4335,4269.776444,24,18,"多云","多云",2,"阴晴云",1,"东南风","1级",1,2017,2
2017-02-21,1,1.098062937,7913,7206.32646,25,18,"小雨","小雨",4,"小到中雨",2,"东南风","2级",2,2017,2
2017-02-22,2,1.07025261,5839,5455.721336,25,14,"阵雨","阵雨",5,"小到中雨",2,"北风","1级",1,2017,2
2017-02-23,3,1.218368609,7676.8,6300.884594,14,9,"小雨","小雨",4,"小到中雨",2,"东北风","2级",2,2017,2
2017-02-24,4,1.272917252,4971,3905.202786,11,8,"小雨","小雨",4,"小到中雨",2,"东北风","2级",2,2017,2
2017-02-25,5,1.684613969,7809,4635.483347,11,8,"小雨","小雨",4,"小到中雨",2,"东北风","1级",1,2017,2
2017-02-26,6,1.750508984,6540,3736.056232,15,11,"小雨","小雨",4,"小到中雨",2,"东北风","1级",1,2017,2
2017-02-27,0,1.015275637,5706,5620.148648,20,14,"多云","多云",2,"阴晴云",1,"北风","1级",1,2017,2
2017-02-28,1,1.098062937,0,0,21,15,"多云","多云",2,"阴晴云",1,"东北风","2级",2,2017,2
2017-03-02,3,1.218368609,12082,9916.539139,22,10,"晴","晴",1,"阴晴云",1,"北风","1级",1,2017,3
2017-03-03,4,1.272917252,9173,7206.281463,23,13,"晴","晴",1,"阴晴云",1,"东风","2级",2,2017,3
2017-03-04,5,1.684613969,12220.3,7254.065455,NA,NA,NA,NA,NA,NA,NA,NA,NA,NA,NA,NA
2017-03-05,6,1.750508984,15567.5,8893.127735,NA,NA,NA,NA,NA,NA,NA,NA,NA,NA,NA,NA
2017-03-06,0,1.015275637,7070,6963.626173,18,14,"小雨","小雨",4,"小到中雨",2,"东北风","2级",2,2017,3
2017-03-07,1,1.098062937,7732,7041.490735,18,14,"小雨","小雨",4,"小到中雨",2,"北风","1级",1,2017,3
2017-03-09,3,1.218368609,4460,3660.632723,18,15,"小雨","小雨",4,"小到中雨",2,"西南风","微风",0,2017,3
2017-03-10,4,1.272917252,8361,6568.376683,19,17,"小雨","小雨",4,"小到中雨",2,"西南风","1级",1,2017,3
2017-03-11,5,1.684613969,9941,5901.055186,19,17,"小雨","小雨",4,"小到中雨",2,"东风","1级",1,2017,3
2017-03-12,6,1.750508984,13976,7983.963592,22,18,"小雨","小雨",4,"小到中雨",2,"南风","1级",1,2017,3
2017-03-13,0,1.015275637,8239,8115.037629,25,14,"阴","阴",3,"阴晴云",1,"东风","1级",1,2017,3
2017-03-14,1,1.098062937,6389,5818.427872,18,13,"小雨","小雨",4,"小到中雨",2,"东北风","2级",2,2017,3
2017-03-15,2,1.07025261,8413,7860.761021,17,13,"阴","阴",3,"阴晴云",1,"西北风","微风",0,2017,3
2017-03-16,3,1.218368609,7449,6113.913263,20,16,"小雨","小雨",4,"小到中雨",2,"北风","1级",1,2017,3
2017-03-17,4,1.272917252,9897,7775.053706,20,16,"阴","阴",3,"阴晴云",1,"北风","1级",1,2017,3
2017-03-18,5,1.684613969,10060,5971.694515,20,17,"小雨","小雨",4,"小到中雨",2,"东南风","1级",1,2017,3
2017-03-19,6,1.750508984,16064.3,9176.930905,21,18,"大雨","大雨",10,"中到大雨",3,"北风","1级",1,2017,3
2017-03-20,0,1.015275637,5292,5212.377611,24,18,"小雨","小雨",4,"小到中雨",2,"东北风","1级",1,2017,3
2017-03-21,1,1.098062937,10855,9885.590007,25,18,"阴","阴",3,"阴晴云",1,"南风","1级",1,2017,3
2017-03-22,2,1.07025261,13701,12801.65063,23,19,"中雨","中雨",8,"中到大雨",3,"东风","1级",1,2017,3
2017-03-23,3,1.218368609,8872,7281.868502,24,19,"阴","阴",3,"阴晴云",1,"南风","2级",2,2017,3
2017-03-24,4,1.272917252,11747,9228.408192,26,18,"阴","阴",3,"阴晴云",1,"南风","3级",3,2017,3
2017-03-25,5,1.684613969,21129,12542.3393,17,11,"小雨","小雨",4,"小到中雨",2,"北风","3级",3,2017,3
2017-03-26,6,1.750508984,13970,7980.536018,15,9,"阵雨","阵雨",5,"小到中雨",2,"东风","2级",2,2017,3
2017-03-27,0,1.015275637,9364,9223.111101,24,14,"晴","晴",1,"阴晴云",1,"东南风","2级",2,2017,3
2017-03-28,1,1.098062937,3327.4,3030.24525,26,18,"多云","多云",2,"阴晴云",1,"东风","3级",3,2017,3
2017-03-29,2,1.07025261,8124,7590.731313,24,20,"雷阵雨","雷阵雨",6,"小到中雨",2,"西南风","2级",2,2017,3
2017-03-30,3,1.218368609,7437,6104.064027,26,20,"阵雨","阵雨",5,"小到中雨",2,"东南风","3级",3,2017,3
2017-04-06,3,1.218368609,7263.36,5961.545582,26,21,"阵雨","阵雨",5,"小到中雨",2,"东南风","2级",2,2017,4
2017-04-07,4,1.272917252,13130,10314.88887,27,21,"多云","多云",2,"阴晴云",1,"东南风","3级",3,2017,4
2017-04-08,5,1.684613969,10043,5961.603182,28,23,"阵雨","阵雨",5,"小到中雨",2,"东南风","4级",4,2017,4
2017-04-09,6,1.750508984,20336,11617.19259,29,24,"多云","多云",2,"阴晴云",1,"南风","3级",3,2017,4
2017-04-10,0,1.015275637,5908.5,5819.601873,29,19,"多云","多云",2,"阴晴云",1,"东南风","2级",2,2017,4
2017-04-11,1,1.098062937,9257,8430.300018,24,17,"雷阵雨","雷阵雨",6,"小到中雨",2,"北风","4级",4,2017,4
2017-04-12,2,1.07025261,6803,6356.44327,20,17,"中雨","中雨",8,"中到大雨",3,"北风","2级",2,2017,4
2017-04-13,3,1.218368609,10769,8838.868564,22,17,"阴","阴",3,"阴晴云",1,"东南风","2级",2,2017,4
2017-04-14,4,1.272917252,11559,9080.715953,24,18,"阴","阴",3,"阴晴云",1,"西南风","2级",2,2017,4
2017-04-15,5,1.684613969,14834,8805.578175,26,22,"阴","阴",3,"阴晴云",1,"东南风","2级",2,2017,4
2017-04-16,6,1.750508984,12600,7197.906501,29,22,"多云","多云",2,"阴晴云",1,"东南风","2级",2,2017,4
2017-04-17,0,1.015275637,13075,12878.27613,30,23,"多云","多云",2,"阴晴云",1,"西风","3级",3,2017,4
2017-04-18,1,1.098062937,13267.4,12082.54969,32,23,"阴","阴",3,"阴晴云",1,"西南风","1级",1,2017,4
2017-04-19,2,1.07025261,10484,9795.818204,30,23,"阵雨","阵雨",5,"小到中雨",2,"东风","2级",2,2017,4
2017-04-20,3,1.218368609,11020,9044.881751,29,20,"中雨","中雨",8,"中到大雨",3,"东风","3级",3,2017,4
2017-04-21,4,1.272917252,14795,11622.90791,28,17,"中到大雨","中到大雨",9,"中到大雨",3,"北风","4级",4,2017,4
2017-04-22,5,1.684613969,20915,12415.30723,22,17,"阵雨","阵雨",5,"小到中雨",2,"北风","3级",3,2017,4
2017-04-23,6,1.750508984,20075.24,11468.2302,24,18,"阴","阴",3,"阴晴云",1,"东南风","2级",2,2017,4
2017-04-24,0,1.015275637,10968,10802.97763,24,20,"阵雨","阵雨",5,"小到中雨",2,"东北风","2级",2,2017,4
2017-04-25,1,1.098062937,4233,3854.97029,24,21,"小雨","小雨",4,"小到中雨",2,"东风","2级",2,2017,4
2017-04-26,2,1.07025261,10085,9423.009022,24,20,"中雨","中雨",8,"中到大雨",3,"东北风","1级",1,2017,4
2017-04-27,3,1.218368609,7223.84,5929.108765,23,17,"阴","阴",3,"阴晴云",1,"北风","3级",3,2017,4
2017-05-03,2,1.07025261,7548,7052.540614,30,24,"多云","多云",2,"阴晴云",1,"东南风","4级",4,2017,5
2017-05-04,3,1.218368609,14127,11595.01311,27,21,"大雨","大雨",10,"中到大雨",3,"南风","1级",1,2017,5
2017-05-05,4,1.272917252,6689,5254.858466,29,23,"多云","多云",2,"阴晴云",1,"东北风","1级",1,2017,5
2017-05-06,5,1.684613969,14664,8704.664848,31,23,"多云","多云",2,"阴晴云",1,"东风","2级",2,2017,5
2017-05-07,6,1.750508984,15707,8972.818843,29,24,"暴雨","暴雨",12,"大到暴雨",4,"东南风","2级",2,2017,5
2017-05-08,0,1.015275637,8879,8745.408315,29,22,"大雨","大雨",10,"中到大雨",3,"西南风","2级",2,2017,5
2017-05-09,1,1.098062937,10028,9132.445563,29,23,"阴","阴",3,"阴晴云",1,"东南风","1级",1,2017,5
2017-05-10,2,1.07025261,7903,7384.238007,31,24,"多云","多云",2,"阴晴云",1,"东南风","2级",2,2017,5
2017-05-11,3,1.218368609,11470.5,9414.638487,31,24,"多云","多云",2,"阴晴云",1,"东南风","3级",3,2017,5
2017-05-12,4,1.272917252,12645,9933.874316,29,23,"雷阵雨","雷阵雨",6,"小到中雨",2,"西南风","2级",2,2017,5
2017-05-13,5,1.684613969,21535,12783.34407,28,23,"阵雨","阵雨",5,"小到中雨",2,"东南风","2级",2,2017,5
2017-05-15,0,1.015275637,8729.04,8597.704584,27,23,"暴雨","暴雨",12,"大到暴雨",4,"东风","3级",3,2017,5
2017-05-16,1,1.098062937,11580,10545.8436,27,23,"多云","多云",2,"阴晴云",1,"东北风","2级",2,2017,5
2017-05-17,2,1.07025261,10956,10236.83558,30,22,"多云","多云",2,"阴晴云",1,"东北风","1级",1,2017,5
2017-05-18,3,1.218368609,11218.6,9207.886607,30,24,"阵雨","阵雨",5,"小到中雨",2,"东风","2级",2,2017,5
2017-05-19,4,1.272917252,10785.5,8473.056658,29,23,"阵雨","阵雨",5,"小到中雨",2,"东风","3级",3,2017,5
2017-05-20,5,1.684613969,17395,10325.80776,27,21,"阵雨","阵雨",5,"小到中雨",2,"东风","1级",1,2017,5
2017-05-21,6,1.750508984,15434,8816.864202,27,23,"阵雨","阵雨",5,"小到中雨",2,"东风","2级",2,2017,5
2017-05-22,0,1.015275637,5671,5585.675251,28,24,"中到大雨","中到大雨",9,"中到大雨",3,"北风","2级",2,2017,5
2017-05-23,1,1.098062937,11770.26,10719.11236,29,23,"阵雨","阵雨",5,"小到中雨",2,"东南风","2级",2,2017,5
2017-05-24,2,1.07025261,7623.78,7123.346328,26,22,"大到暴雨","大到暴雨",11,"大到暴雨",4,"北风","2级",2,2017,5
2017-05-25,3,1.218368609,13613,11173.1375,29,22,"多云","多云",2,"阴晴云",1,"北风","3级",3,2017,5
2017-05-26,4,1.272917252,10883,8549.652367,30,23,"多云","多云",2,"阴晴云",1,"东北风","2级",2,2017,5
2017-06-02,4,1.272917252,11689.4,9183.157804,33,25,"中雨","中雨",8,"中到大雨",3,"东北风","2级",2,2017,6
2017-06-03,5,1.684613969,15131,8981.879693,33,26,"中雨","中雨",8,"中到大雨",3,"东风","3级",3,2017,6
2017-06-04,6,1.750508984,15200,8683.188795,33,26,"阵雨","阵雨",5,"小到中雨",2,"东南风","3级",3,2017,6
2017-06-05,0,1.015275637,7437,7325.104363,34,27,"雷阵雨","雷阵雨",6,"小到中雨",2,"东风","4级",4,2017,6
2017-06-06,1,1.098062937,11705,10659.68043,34,27,"雷阵雨","雷阵雨",6,"小到中雨",2,"东南风","4级",4,2017,6
2017-06-07,2,1.07025261,6700,6260.204308,35,27,"多云","多云",2,"阴晴云",1,"东北风","1级",1,2017,6
2017-06-08,3,1.218368609,15449,12680.07061,35,27,"多云","多云",2,"阴晴云",1,"南风","3级",3,2017,6
2017-06-09,4,1.272917252,10204,8016.231991,35,27,"雷阵雨","雷阵雨",6,"小到中雨",2,"东南风","1级",1,2017,6
2017-06-10,5,1.684613969,22218,13188.7782,34,27,"雷阵雨","雷阵雨",6,"小到中雨",2,"东南风","2级",2,2017,6
2017-06-11,6,1.750508984,16884,9645.194712,35,28,"晴","晴",1,"阴晴云",1,"东南风","4级",4,2017,6
2017-06-12,0,1.015275637,7642,7527.019973,35,26,"雷阵雨","雷阵雨",6,"小到中雨",2,"北风","2级",2,2017,6
2017-06-13,1,1.098062937,11032.26,10047.01973,32,26,"中雨","中雨",8,"中到大雨",3,"东风","3级",3,2017,6
2017-06-14,2,1.07025261,10403,9720.135137,31,26,"大到暴雨","大到暴雨",11,"大到暴雨",4,"东风","1级",1,2017,6
2017-06-15,3,1.218368609,10499.23,8617.44953,32,25,"中雨","中雨",8,"中到大雨",3,"东南风","3级",3,2017,6
2017-06-16,4,1.272917252,11735,9218.981028,31,24,"大到暴雨","大到暴雨",11,"大到暴雨",4,"北风","5级",5,2017,6
2017-06-17,5,1.684613969,20647.5,12256.51715,30,25,"中雨","中雨",8,"中到大雨",3,"北风","微风",0,2017,6
2017-06-18,6,1.750508984,13837,7904.558116,28,24,"中到大雨","中到大雨",9,"中到大雨",3,"北风","2级",2,2017,6
2017-06-19,0,1.015275637,9480,9337.365788,28,25,"大雨","大雨",10,"中到大雨",3,"西南风","2级",2,2017,6
2017-06-20,1,1.098062937,11387,10370.07954,28,25,"暴雨","暴雨",12,"大到暴雨",4,"东南风","2级",2,2017,6
2017-06-21,2,1.07025261,12887,12041.08252,31,26,"中雨","中雨",8,"中到大雨",3,"东北风","1级",1,2017,6
2017-06-22,3,1.218368609,14926,12250.80808,32,26,"中雨","中雨",8,"中到大雨",3,"南风","2级",2,2017,6
2017-06-23,4,1.272917252,10745,8441.239978,34,27,"雷阵雨","雷阵雨",6,"小到中雨",2,"东风","2级",2,2017,6
2017-06-24,5,1.684613969,16114,9565.396165,33,26,"雷阵雨","雷阵雨",6,"小到中雨",2,"南风","3级",3,2017,6
2017-06-25,6,1.750508984,20380.5,11642.61377,33,27,"雷阵雨","雷阵雨",6,"小到中雨",2,"东风","1级",1,2017,6
2017-06-26,0,1.015275637,7646,7530.95979,34,27,"雷阵雨","雷阵雨",6,"小到中雨",2,"西风","4级",4,2017,6
2017-06-27,1,1.098062937,11196,10196.13687,34,27,"多云","多云",2,"阴晴云",1,"西南风","4级",4,2017,6
2017-06-28,2,1.07025261,9476,8853.984481,35,28,"雷阵雨","雷阵雨",6,"小到中雨",2,"东北风","1级",1,2017,6
2017-06-29,3,1.218368609,7407,6079.440937,35,27,"雷阵雨","雷阵雨",6,"小到中雨",2,"东南风","2级",2,2017,6
2017-07-02,6,1.750508984,10921,6238.756897,32,27,"中雨","中雨",8,"中到大雨",3,"西南风","1级",1,2017,7
2017-07-03,0,1.015275637,16549,16300.00701,31,26,"大雨","大雨",10,"中到大雨",3,"西南风","1级",1,2017,7
2017-07-04,1,1.098062937,5802,5283.850135,30,25,"雷阵雨","雷阵雨",6,"小到中雨",2,"东风","2级",2,2017,7
2017-07-05,2,1.07025261,12632.87,11803.63391,33,26,"雷阵雨","雷阵雨",6,"小到中雨",2,"东北风","1级",1,2017,7
2017-07-06,3,1.218368609,14048.26,11530.38571,33,26,"雷阵雨","雷阵雨",6,"小到中雨",2,"东南风","2级",2,2017,7
2017-07-07,4,1.272917252,13833,10867.16358,32,26,"中雨","中雨",8,"中到大雨",3,"东南风","2级",2,2017,7
2017-07-08,5,1.684613969,18220.5,10815.83101,31,26,"中雨","中雨",8,"中到大雨",3,"东南风","2级",2,2017,7
2017-07-09,6,1.750508984,20039,11447.52765,32,26,"中雨","中雨",8,"中到大雨",3,"东南风","2级",2,2017,7
2017-07-10,0,1.015275637,10968,10802.97763,33,26,"雷阵雨","雷阵雨",6,"小到中雨",2,"东南风","1级",1,2017,7
2017-07-11,1,1.098062937,7889,7184.469789,33,26,"雷阵雨","雷阵雨",6,"小到中雨",2,"东南风","1级",1,2017,7
2017-07-12,2,1.07025261,6880,6428.388901,34,26,"多云","多云",2,"阴晴云",1,"东风","1级",1,2017,7
2017-07-13,3,1.218368609,11008,9035.032515,34,26,"雷阵雨","雷阵雨",6,"小到中雨",2,"东南风","2级",2,2017,7
2017-07-14,4,1.272917252,12461,9789.324465,35,27,"雷阵雨","雷阵雨",6,"小到中雨",2,"南风","1级",1,2017,7
2017-07-15,5,1.684613969,19417,11526.08274,35,26,"雷阵雨","雷阵雨",6,"小到中雨",2,"东南风","1级",1,2017,7
2017-07-16,6,1.750508984,12727,7270.456829,33,26,"中雨","中雨",8,"中到大雨",3,"东风","2级",2,2017,7
2017-07-17,0,1.015275637,9545,9401.38781,32,25,"中雨","中雨",8,"中到大雨",3,"东南风","2级",2,2017,7
2017-07-18,1,1.098062937,13246,12063.06082,29,24,"大雨","大雨",10,"中到大雨",3,"西南风","1级",1,2017,7
2017-07-19,2,1.07025261,9686,9050.19984,31,25,"雷阵雨","雷阵雨",6,"小到中雨",2,"东风","1级",1,2017,7
2017-07-20,3,1.218368609,10165,8343.123684,32,25,"雷阵雨","雷阵雨",6,"小到中雨",2,"北风","1级",1,2017,7
2017-07-21,4,1.272917252,9348,7343.760942,34,26,"多云","多云",2,"阴晴云",1,"北风","1级",1,2017,7
2017-07-22,5,1.684613969,15358,9116.628664,34,25,"雷阵雨","雷阵雨",6,"小到中雨",2,"东南风","1级",1,2017,7
2017-07-23,6,1.750508984,17873,10210.17325,33,25,"大雨","大雨",10,"中到大雨",3,"东北风","1级",1,2017,7
2017-07-24,0,1.015275637,11048.89,10882.65058,33,26,"雷阵雨","雷阵雨",6,"小到中雨",2,"东南风","1级",1,2017,7
2017-07-25,1,1.098062937,6093,5548.862267,34,26,"多云","多云",2,"阴晴云",1,"东南风","1级",1,2017,7
2017-07-26,2,1.07025261,12817.45,11976.09787,35,26,"晴","晴",1,"阴晴云",1,"南风","2级",2,2017,7
2017-07-27,3,1.218368609,12264.37,10066.2229,35,26,"多云","多云",2,"阴晴云",1,"东南风","2级",2,2017,7
2017-07-28,4,1.272917252,18120,14235.018,35,26,"多云","多云",2,"阴晴云",1,"东南风","1级",1,2017,7
2017-07-29,5,1.684613969,20035,11892.93237,37,28,"多云","多云",2,"阴晴云",1,"东风","1级",1,2017,7
2017-07-30,6,1.750508984,13663,7805.158455,36,27,"雷阵雨","雷阵雨",6,"小到中雨",2,"南风","1级",1,2017,7
2017-08-02,2,1.07025261,11723,10953.48882,35,28,"雷阵雨","雷阵雨",6,"小到中雨",2,"东南风","1级",1,2017,8
2017-08-03,3,1.218368609,7951.5,6526.350022,31,27,"中雨","中雨",8,"中到大雨",3,"南风","2级",2,2017,8
2017-08-04,4,1.272917252,17217.5,13526.01669,32,26,"雷阵雨","雷阵雨",6,"小到中雨",2,"东南风","2级",2,2017,8
2017-08-05,5,1.684613969,16250,9646.126826,33,26,"雷阵雨","雷阵雨",6,"小到中雨",2,"南风","1级",1,2017,8
2017-08-06,6,1.750508984,12521,7152.77677,35,26,"多云","多云",2,"阴晴云",1,"东南风","2级",2,2017,8
2017-08-07,0,1.015275637,12130.34,11947.82929,37,28,"晴","晴",1,"阴晴云",1,"南风","2级",2,2017,8
2017-08-08,1,1.098062937,13410,12212.41474,36,28,"多云","多云",2,"阴晴云",1,"南风","2级",2,2017,8
2017-08-09,2,1.07025261,6443,6020.074083,35,27,"雷阵雨","雷阵雨",6,"小到中雨",2,"南风","2级",2,2017,8
2017-08-10,3,1.218368609,17024.8,13973.43946,34,27,"中雨","中雨",8,"中到大雨",3,"东南风","1级",1,2017,8
2017-08-11,4,1.272917252,12493,9814.463569,34,28,"雷阵雨","雷阵雨",6,"小到中雨",2,"西南风","1级",1,2017,8
2017-08-12,5,1.684613969,18680,11088.59379,35,28,"多云","多云",2,"阴晴云",1,"东南风","3级",3,2017,8
2017-08-13,6,1.750508984,13041,7449.833229,35,28,"多云","多云",2,"阴晴云",1,"南风","1级",1,2017,8
2017-08-14,0,1.015275637,12319,12133.65075,35,28,"晴","晴",1,"阴晴云",1,"南风","1级",1,2017,8
2017-08-15,1,1.098062937,9965,9075.071803,35,28,"晴","晴",1,"阴晴云",1,"东南风","2级",2,2017,8
2017-08-16,2,1.07025261,11743,10972.176,34,28,"雷阵雨","雷阵雨",6,"小到中雨",2,"西风","1级",1,2017,8
2017-08-17,3,1.218368609,12180.5,9997.384951,35,28,"晴","晴",1,"阴晴云",1,"东南风","2级",2,2017,8
2017-08-18,4,1.272917252,9596,7538.589003,35,28,"晴","晴",1,"阴晴云",1,"东南风","2级",2,2017,8
2017-08-19,5,1.684613969,16825,9987.451314,36,28,"晴","晴",1,"阴晴云",1,"东风","2级",2,2017,8
2017-08-20,6,1.750508984,20057,11457.81037,36,28,"晴","晴",1,"阴晴云",1,"东风","2级",2,2017,8
2017-08-21,0,1.015275637,10089,9937.202894,37,28,"晴","晴",1,"阴晴云",1,"东南风","1级",1,2017,8
2017-08-22,1,1.098062937,10077,9177.069599,37,28,"多云","多云",2,"阴晴云",1,"东北风","2级",2,2017,8
2017-08-23,2,1.07025261,6833,6384.474035,30,25,"大到暴雨","大到暴雨",11,"大到暴雨",4,"东风","2级",2,2017,8
2017-08-24,3,1.218368609,10512.37,8628.234444,31,26,"雷阵雨","雷阵雨",6,"小到中雨",2,"西风","1级",1,2017,8
2017-08-25,4,1.272917252,9170,7203.924672,34,26,"雷阵雨","雷阵雨",6,"小到中雨",2,"北风","1级",1,2017,8
2017-08-26,5,1.684613969,15693,9315.487279,35,25,"雷阵雨","雷阵雨",6,"小到中雨",2,"北风","1级",1,2017,8
2017-08-27,6,1.750508984,14430,8243.316731,29,24,"暴雨","暴雨",12,"大到暴雨",4,"东风","2级",2,2017,8
2017-08-29,1,1.098062937,17581.5,16011.37731,34,25,"多云","多云",2,"阴晴云",1,"东南风","微风",0,2017,8
2017-08-30,2,1.07025261,9004,8412.967103,35,26,"多云","多云",2,"阴晴云",1,"东风","2级",2,2017,8
2017-09-02,5,1.684613969,19195,11394.30181,35,26,"雷阵雨","雷阵雨",6,"小到中雨",2,"东风","1级",1,2017,9
2017-09-03,6,1.750508984,11721.83,6696.240981,34,25,"雷阵雨","雷阵雨",6,"小到中雨",2,"东北风","2级",2,2017,9
2017-09-04,0,1.015275637,5208.5,5130.133935,30,25,"中雨","中雨",8,"中到大雨",3,"东南风","微风",0,2017,9
2017-09-05,1,1.098062937,8662,7888.436724,33,26,"雷阵雨","雷阵雨",6,"小到中雨",2,"东风","1级",1,2017,9
2017-09-06,2,1.07025261,9194,8590.495285,33,26,"雷阵雨","雷阵雨",6,"小到中雨",2,"南风","1级",1,2017,9
2017-09-07,3,1.218368609,11600,9520.928159,33,27,"雷阵雨","雷阵雨",6,"小到中雨",2,"东南风","微风",0,2017,9
2017-09-08,4,1.272917252,14171,11132.69537,33,26,"雷阵雨","雷阵雨",6,"小到中雨",2,"南风","2级",2,2017,9
2017-09-09,5,1.684613969,16847,10000.51069,33,26,"雷阵雨","雷阵雨",6,"小到中雨",2,"东风","1级",1,2017,9
2017-09-10,6,1.750508984,14194,8108.4988,33,26,"雷阵雨","雷阵雨",6,"小到中雨",2,"东南风","1级",1,2017,9
2017-09-11,0,1.015275637,6331,6235.745021,35,26,"雷阵雨","雷阵雨",6,"小到中雨",2,"东北风","1级",1,2017,9
2017-09-12,1,1.098062937,9033.5,8226.759772,35,27,"多云","多云",2,"阴晴云",1,"东北风","2级",2,2017,9
2017-09-13,2,1.07025261,8372,7822.452308,36,27,"晴","晴",1,"阴晴云",1,"东北风","1级",1,2017,9
2017-09-14,3,1.218368609,14781.32,12132.05912,35,26,"多云","多云",2,"阴晴云",1,"东南风","2级",2,2017,9
2017-09-15,4,1.272917252,13213,10380.09342,34,26,"雷阵雨","雷阵雨",6,"小到中雨",2,"北风","2级",2,2017,9
2017-09-16,5,1.684613969,12680,7526.946963,35,25,"晴","晴",1,"阴晴云",1,"西南风","1级",1,2017,9
2017-09-17,6,1.750508984,24006,13713.72567,35,26,"晴","晴",1,"阴晴云",1,"东北风","1级",1,2017,9
2017-09-18,0,1.015275637,11019,10853.2103,35,26,"晴","晴",1,"阴晴云",1,"南风","1级",1,2017,9
2017-09-19,1,1.098062937,13500,12294.37725,35,26,"晴","晴",1,"阴晴云",1,"南风","1级",1,2017,9
2017-09-20,2,1.07025261,12398,11584.18105,34,26,"多云","多云",2,"阴晴云",1,"东南风","2级",2,2017,9
2017-09-21,3,1.218368609,10054,8252.018251,34,26,"雷阵雨","雷阵雨",6,"小到中雨",2,"东风","1级",1,2017,9
2017-09-22,4,1.272917252,13152,10332.17201,33,26,"雷阵雨","雷阵雨",6,"小到中雨",2,"东南风","2级",2,2017,9
2017-09-23,5,1.684613969,11896,7061.558444,34,26,"雷阵雨","雷阵雨",6,"小到中雨",2,"东北风","1级",1,2017,9
2017-09-24,6,1.750508984,13861.25,7918.411229,33,26,"雷阵雨","雷阵雨",6,"小到中雨",2,"东南风","2级",2,2017,9
2017-09-25,0,1.015275637,12558,12369.05481,33,27,"阵雨","阵雨",5,"小到中雨",2,"南风","2级",2,2017,9
2017-09-26,1,1.098062937,18386,16744.03113,35,27,"晴","晴",1,"阴晴云",1,"东北风","1级",1,2017,9
2017-09-27,2,1.07025261,11910,11128.21393,35,27,"晴","晴",1,"阴晴云",1,"东南风","1级",1,2017,9
2017-09-28,3,1.218368609,10271,8430.125269,36,26,"晴","晴",1,"阴晴云",1,"东风","2级",2,2017,9
2017-09-29,4,1.272917252,15805,12416.3609,34,26,"雷阵雨","雷阵雨",6,"小到中雨",2,"西南风","微风",0,2017,9
2017-10-10,1,1.098062937,10076,9176.158904,34,26,"多云","多云",2,"阴晴云",1,"东北风","1级",1,2017,10
2017-10-11,2,1.07025261,11252,10513.4058,33,24,"多云","多云",2,"阴晴云",1,"东风","1级",1,2017,10
2017-10-12,3,1.218368609,11130,9135.166414,32,24,"多云","多云",2,"阴晴云",1,"北风","3级",3,2017,10
2017-10-13,4,1.272917252,21423.76,16830.44201,29,22,"晴","晴",1,"阴晴云",1,"北风","3级",3,2017,10
2017-10-14,5,1.684613969,15955.35,9471.220286,27,21,"多云","多云",2,"阴晴云",1,"东北风","2级",2,2017,10
2017-10-15,6,1.750508984,22662,12945.94898,23,19,"中到大雨","中到大雨",9,"中到大雨",3,"北风","2级",2,2017,10
2017-10-16,0,1.015275637,18716,18434.40275,24,20,"阵雨","阵雨",5,"小到中雨",2,"南风","1级",1,2017,10
2017-10-17,1,1.098062937,16855.26,15349.99446,27,20,"多云","多云",2,"阴晴云",1,"东北风","1级",1,2017,10
2017-10-18,2,1.07025261,14502,13550.07207,29,21,"多云","多云",2,"阴晴云",1,"东北风","2级",2,2017,10
2017-10-19,3,1.218368609,16199.24,13295.84485,28,21,"多云","多云",2,"阴晴云",1,"东北风","2级",2,2017,10
2017-10-20,4,1.272917252,8460,6646.150788,27,20,"多云","多云",2,"阴晴云",1,"东北风","2级",2,2017,10
2017-10-21,5,1.684613969,21370,12685.39879,28,19,"多云","多云",2,"阴晴云",1,"北风","3级",3,2017,10
2017-10-22,6,1.750508984,20129,11498.94127,27,17,"晴","晴",1,"阴晴云",1,"东北风","2级",2,2017,10
2017-10-23,0,1.015275637,11259.5,11090.09178,26,17,"晴","晴",1,"阴晴云",1,"东风","1级",1,2017,10
2017-10-24,1,1.098062937,10382,9454.831456,28,19,"晴","晴",1,"阴晴云",1,"东北风","1级",1,2017,10
2017-10-25,2,1.07025261,6930,6475.106844,29,19,"晴","晴",1,"阴晴云",1,"东北风","1级",1,2017,10
2017-10-26,3,1.218368609,12296,10092.18385,20,0,"晴","晴",1,"阴晴云",1,"无持续风向","2级",2,2017,10
2017-10-27,4,1.272917252,11847,9306.967894,19,0,"晴","晴",1,"阴晴云",1,"无持续风向","2级",2,2017,10
2017-10-28,5,1.684613969,16021,9510.190639,18,0,"晴","晴",1,"阴晴云",1,"北风","3级",3,2017,10
2017-10-29,6,1.750508984,21518.5,12292.7104,17,0,"晴","晴",1,"阴晴云",1,"北风","3级",3,2017,10
2017-10-30,0,1.015275637,12119,11936.65991,27,16,"晴","晴",1,"阴晴云",1,"北风","2级",2,2017,10
2017-11-02,3,1.218368609,11173,9170.45951,28,18,"晴","晴",1,"阴晴云",1,"西北风","1级",1,2017,11
2017-11-03,4,1.272917252,12167,9558.358941,29,17,"晴","晴",1,"阴晴云",1,"北风","2级",2,2017,11
2017-11-04,5,1.684613969,12782,7587.494959,27,19,"多云","多云",2,"阴晴云",1,"东北风","2级",2,2017,11
2017-11-05,6,1.750508984,26392,15076.75781,27,19,"多云","多云",2,"阴晴云",1,"东北风","2级",2,2017,11
2017-11-06,0,1.015275637,4747,4675.577573,25,18,"小雨","小雨",4,"小到中雨",2,"东北风","1级",1,2017,11
2017-11-07,1,1.098062937,11162,10165.17325,22,17,"中雨","中雨",8,"中到大雨",3,"北风","1级",1,2017,11
2017-11-08,2,1.07025261,13080,12221.41378,24,18,"小雨","小雨",4,"小到中雨",2,"北风","1级",1,2017,11
2017-11-09,3,1.218368609,15351,12599.63519,27,19,"多云","多云",2,"阴晴云",1,"西风","微风",0,2017,11
2017-11-10,4,1.272917252,15109,11869.58537,28,19,"多云","多云",2,"阴晴云",1,"东北风","1级",1,2017,11
2017-11-12,6,1.750508984,15228,8699.184143,27,20,"多云","多云",2,"阴晴云",1,"东南风","1级",1,2017,11
2017-11-13,0,1.015275637,7297,7187.210776,24,19,"小雨","小雨",4,"小到中雨",2,"东北风","1级",1,2017,11
2017-11-14,1,1.098062937,3892,3544.423428,25,20,"小雨","小雨",4,"小到中雨",2,"北风","微风",0,2017,11
2017-11-15,2,1.07025261,9568.75,8940.646264,25,20,"小雨","小雨",4,"小到中雨",2,"北风","2级",2,2017,11
2017-11-16,3,1.218368609,14126,11594.19234,25,20,"多云","多云",2,"阴晴云",1,"南风","微风",0,2017,11
2017-11-17,4,1.272917252,6035,4741.078015,26,16,"多云","多云",2,"阴晴云",1,"东北风","1级",1,2017,11
2017-11-18,5,1.684613969,19258,11431.6991,23,13,"小雨","小雨",4,"小到中雨",2,"北风","4级",4,2017,11
2017-11-19,6,1.750508984,21418.46,12235.56131,16,12,"小雨","小雨",4,"小到中雨",2,"北风","3级",3,2017,11
2017-11-20,0,1.015275637,12270,12085.388,15,11,"小雨","小雨",4,"小到中雨",2,"东北风","2级",2,2017,11
2017-11-21,1,1.098062937,12471,11357.2725,16,13,"阴","阴",3,"阴晴云",1,"东北风","2级",2,2017,11
2017-11-22,2,1.07025261,7947,7425.349796,19,13,"多云","多云",2,"阴晴云",1,"北风","3级",3,2017,11
2017-11-24,4,1.272917252,27257,21413.01797,15,11,"小雨","小雨",4,"小到中雨",2,"东北风","2级",2,2017,11
2017-11-25,5,1.684613969,19392,11511.24255,14,12,"阴","阴",3,"阴晴云",1,"东风","1级",1,2017,11
2017-11-26,6,1.750508984,13171,7524.097344,18,14,"多云","多云",2,"阴晴云",1,"北风","2级",2,2017,11
2017-11-27,0,1.015275637,11426,11254.08665,22,16,"多云","多云",2,"阴晴云",1,"东北风","1级",1,2017,11
2017-11-28,1,1.098062937,11836,10778.98142,24,18,"多云","多云",2,"阴晴云",1,"南风","1级",1,2017,11
2017-11-29,2,1.07025261,15910,14865.64933,26,17,"多云","多云",2,"阴晴云",1,"南风","1级",1,2017,11
2017-12-02,5,1.684613969,19217,11407.36118,22,15,"晴","晴",1,"阴晴云",1,"东北风","2级",2,2017,12
2017-12-03,6,1.750508984,19454,11113.33913,24,15,"多云","多云",2,"阴晴云",1,"东风","微风",0,2017,12
2017-12-04,0,1.015275637,10815,10652.27964,22,14,"多云","多云",2,"阴晴云",1,"东北风","1级",1,2017,12
2017-12-05,1,1.098062937,8951,8151.627467,21,14,"多云","多云",2,"阴晴云",1,"东北风","1级",1,2017,12
2017-12-06,2,1.07025261,8809,8230.767127,22,14,"多云","多云",2,"阴晴云",1,"东北风","1级",1,2017,12
2017-12-07,3,1.218368609,9012,7396.776256,23,13,"多云","多云",2,"阴晴云",1,"南风","1级",1,2017,12
2017-12-08,4,1.272917252,12660,9945.658272,20,9,"多云","多云",2,"阴晴云",1,"北风","4级",4,2017,12
2017-12-09,5,1.684613969,16502,9795.715993,19,9,"晴","晴",1,"阴晴云",1,"东南风","微风",0,2017,12
2017-12-10,6,1.750508984,25080.91,14327.78136,21,11,"多云","多云",2,"阴晴云",1,"东南风","1级",1,2017,12
2017-12-11,0,1.015275637,12200,12016.4412,21,14,"多云","多云",2,"阴晴云",1,"西北风","1级",1,2017,12
2017-12-12,1,1.098062937,13745,12517.49743,21,15,"多云","多云",2,"阴晴云",1,"北风","1级",1,2017,12
2017-12-13,2,1.07025261,10854,10141.53098,19,15,"小雨","小雨",4,"小到中雨",2,"东北风","1级",1,2017,12
2017-12-14,3,1.218368609,10485,8605.769978,18,15,"阴","阴",3,"阴晴云",1,"北风","2级",2,2017,12
2017-12-15,4,1.272917252,12569,9874.168943,18,10,"阴","阴",3,"阴晴云",1,"东北风","2级",2,2017,12
2017-12-16,5,1.684613969,10109,6000.781297,16,7,"阴","阴",3,"阴晴云",1,"东北风","2级",2,2017,12
2017-12-17,6,1.750508984,26225.33,14981.5455,13,6,"多云","多云",2,"阴晴云",1,"东北风","2级",2,2017,12
2017-12-18,0,1.015275637,13010,12814.2541,15,7,"晴","晴",1,"阴晴云",1,"北风","2级",2,2017,12
2017-12-19,1,1.098062937,7048,6418.575621,16,8,"晴","晴",1,"阴晴云",1,"东北风","2级",2,2017,12
2017-12-20,2,1.07025261,16487,15404.77439,18,7,"晴","晴",1,"阴晴云",1,"北风","2级",2,2017,12
2017-12-21,3,1.218368609,7142,5861.936975,20,11,"晴","晴",1,"阴晴云",1,"东北风","微风",0,2017,12
2017-12-22,4,1.272917252,11039.94,8672.943964,20,12,"晴","晴",1,"阴晴云",1,"东北风","1级",1,2017,12
2017-12-23,5,1.684613969,12621.5,7492.220907,22,14,"多云","多云",2,"阴晴云",1,"东北风","微风",0,2017,12
2017-12-26,1,1.098062937,12250,11156.00899,22,11,"多云","多云",2,"阴晴云",1,"北风","微风",0,2017,12
2017-12-27,2,1.07025261,10124.93,9460.317971,23,14,"多云","多云",2,"阴晴云",1,"北风","1级",1,2017,12
2017-12-28,3,1.218368609,8256.94,6777.04591,21,15,"阴","阴",3,"阴晴云",1,"东风","1级",1,2017,12
2018-01-03,2,1.07025261,13915,13001.60342,22,16,"多云","多云",2,"阴晴云",1,"南风","微风",0,2018,1
2018-01-04,3,1.218368609,15653,12847.50763,23,14,"阴","阴",3,"阴晴云",1,"南风","1级",1,2018,1
2018-01-05,4,1.272917252,14838,11656.68858,16,13,"小雨","小雨",4,"小到中雨",2,"东北风","2级",2,2018,1
2018-01-06,5,1.684613969,13379,7941.878819,15,12,"小雨","小雨",4,"小到中雨",2,"西南风","1级",1,2018,1
2018-01-07,6,1.750508984,22271,12722.58537,17,10,"阴","阴",3,"阴晴云",1,"东风","1级",1,2018,1
2018-01-08,0,1.015275637,11080,10913.2925,12,5,"中雨","中雨",8,"中到大雨",3,"东北风","2级",2,2018,1
2018-01-09,1,1.098062937,16426.3,14959.3429,8,6,"小雨","小雨",4,"小到中雨",2,"东北风","1级",1,2018,1
2018-01-10,2,1.07025261,10273,9598.668486,14,6,"多云","多云",2,"阴晴云",1,"东北风","1级",1,2018,1
2018-01-11,3,1.218368609,16340,13411.37639,16,6,"晴","晴",1,"阴晴云",1,"北风","2级",2,2018,1
2018-01-12,4,1.272917252,15915,12502.77657,18,6,"晴","晴",1,"阴晴云",1,"南风","微风",0,2018,1
2018-01-13,5,1.684613969,12159,7217.677297,19,7,"晴","晴",1,"阴晴云",1,"东北风","1级",1,2018,1
2018-01-14,6,1.750508984,15439,8819.720514,20,9,"多云","多云",2,"阴晴云",1,"东风","微风",0,2018,1
2018-01-15,0,1.015275637,10809,10646.36992,21,10,"晴","晴",1,"阴晴云",1,"东北风","1级",1,2018,1
2018-01-16,1,1.098062937,7118,6482.324244,22,12,"多云","多云",2,"阴晴云",1,"东北风","1级",1,2018,1
2018-01-17,2,1.07025261,15629,14603.0945,24,12,"晴","晴",1,"阴晴云",1,"东北风","微风",0,2018,1
2018-01-18,3,1.218368609,9151,7510.86324,25,13,"多云","多云",2,"阴晴云",1,"北风","微风",0,2018,1
2018-01-19,4,1.272917252,10586,8316.330052,24,16,"多云","多云",2,"阴晴云",1,"东南风","1级",1,2018,1
2018-01-20,5,1.684613969,19288,11449.50734,24,18,"霾","霾",14,"大到暴雨",4,"东北风","微风",0,2018,1
2018-01-21,6,1.750508984,17199,9825.142374,23,16,"霾","霾",14,"大到暴雨",4,"西北风","1级",1,2018,1
2018-01-22,0,1.015275637,14095,13882.92941,23,15,"霾","霾",14,"大到暴雨",4,"北风","2级",2,2018,1
2018-01-23,1,1.098062937,7699,7011.437813,23,15,"霾","霾",14,"大到暴雨",4,"东北风","1级",1,2018,1
2018-01-24,2,1.07025261,14449,13500.55105,22,16,"多云","多云",2,"阴晴云",1,"南风","1级",1,2018,1
2018-01-25,3,1.218368609,16667.18,13679.91581,23,13,"多云","多云",2,"阴晴云",1,"南风","1级",1,2018,1
2018-01-26,4,1.272917252,13581,10669.19313,15,10,"阴","阴",3,"阴晴云",1,"东北风","2级",2,2018,1
2018-01-27,5,1.684613969,21079.3,12512.837,15,11,"阴","阴",3,"阴晴云",1,"东风","1级",1,2018,1
2018-01-28,6,1.750508984,30510.7,17429.61634,11,5,"小雨","小雨",4,"小到中雨",2,"东北风","2级",2,2018,1
2018-01-29,0,1.015275637,15000.25,14774.55919,8,6,"小雨","小雨",4,"小到中雨",2,"东北风","2级",2,2018,1
2018-01-30,1,1.098062937,21962,20000.67506,6,3,"小雨","小雨",4,"小到中雨",2,"东北风","2级",2,2018,1
2018-02-02,4,1.272917252,20805,16344.346,11,6,"阴","阴",3,"阴晴云",1,"东北风","2级",2,2018,2
2018-02-03,5,1.684613969,25557,15170.83466,13,4,"晴","晴",1,"阴晴云",1,"东北风","2级",2,2018,2
2018-02-04,6,1.750508984,22078,12612.33173,12,6,"多云","多云",2,"阴晴云",1,"东北风","2级",2,2018,2
2018-02-05,0,1.015275637,14224,14009.9885,12,4,"多云","多云",2,"阴晴云",1,"东北风","1级",1,2018,2
2018-02-06,1,1.098062937,14476.84,13183.98018,16,4,"晴","晴",1,"阴晴云",1,"北风","1级",1,2018,2
2018-02-07,2,1.07025261,21761,20332.58298,16,9,"多云","多云",2,"阴晴云",1,"南风","1级",1,2018,2
2018-03-02,4,1.272917252,11366,8929.095728,27,20,"多云","多云",2,"阴晴云",1,"南风","2级",2,2018,3
2018-03-03,5,1.684613969,12940.33,7681.480883,27,21,"阴","阴",3,"阴晴云",1,"东南风","2级",2,2018,3
2018-03-04,6,1.750508984,12929.26,7386.000366,26,22,"阵雨","阵雨",5,"小到中雨",2,"东南风","2级",2,2018,3
2018-03-05,0,1.015275637,8243,8118.977446,27,19,"阵雨","阵雨",5,"小到中雨",2,"北风","微风",0,2018,3
2018-03-06,1,1.098062937,9086,8274.571239,25,18,"阴","阴",3,"阴晴云",1,"南风","1级",1,2018,3
2018-03-07,2,1.07025261,11852,11074.02111,24,11,"雷阵雨","雷阵雨",6,"小到中雨",2,"东北风","2级",2,2018,3
2018-03-09,4,1.272917252,6777,5323.991004,19,7,"晴","晴",1,"阴晴云",1,"北风","微风",0,2018,3
2018-03-10,5,1.684613969,14227,8445.258237,22,10,"晴","晴",1,"阴晴云",1,"东北风","微风",0,2018,3
2018-03-11,6,1.750508984,14023.41,8011.047144,25,13,"晴","晴",1,"阴晴云",1,"东北风","3级",3,2018,3
2018-03-12,0,1.015275637,7758,7641.27466,25,16,"多云","多云",2,"阴晴云",1,"西北风","1级",1,2018,3
2018-03-13,1,1.098062937,12647,11517.55475,26,17,"多云","多云",2,"阴晴云",1,"东南风","2级",2,2018,3
2018-03-14,2,1.07025261,4326,4042.036393,25,17,"阵雨","阵雨",5,"小到中雨",2,"南风","1级",1,2018,3
2018-03-15,3,1.218368609,9646,7917.144226,24,17,"雷阵雨","雷阵雨",6,"小到中雨",2,"东南风","微风",0,2018,3
2018-03-16,4,1.272917252,7231.9,5681.359088,26,18,"多云","多云",2,"阴晴云",1,"东北风","微风",0,2018,3
2018-03-17,5,1.684613969,13209,7840.965492,27,20,"多云","多云",2,"阴晴云",1,"东南风","2级",2,2018,3
2018-03-18,6,1.750508984,20174,11524.64808,26,19,"多云","多云",2,"阴晴云",1,"西南风","1级",1,2018,3
2018-03-19,0,1.015275637,13672,13466.29378,25,14,"雷阵雨","雷阵雨",6,"小到中雨",2,"东北风","1级",1,2018,3
2018-03-20,1,1.098062937,11598,10562.2361,20,11,"多云","多云",2,"阴晴云",1,"北风","3级",3,2018,3
2018-03-21,2,1.07025261,10569,9875.238706,21,12,"晴","晴",1,"阴晴云",1,"东北风","2级",2,2018,3
2018-03-22,3,1.218368609,5484.52,4501.527664,24,14,"晴","晴",1,"阴晴云",1,"北风","1级",1,2018,3
2018-03-23,4,1.272917252,12811,10064.28342,25,14,"晴","晴",1,"阴晴云",1,"南风","2级",2,2018,3
2018-03-24,5,1.684613969,19012,11285.67158,25,17,"多云","多云",2,"阴晴云",1,"东风","2级",2,2018,3
2018-03-25,6,1.750508984,19254,10999.08665,25,18,"阵雨","阵雨",5,"小到中雨",2,"南风","1级",1,2018,3
2018-03-26,0,1.015275637,11278.5,11108.80591,25,19,"多云","多云",2,"阴晴云",1,"东南风","微风",0,2018,3
2018-03-27,1,1.098062937,10493,9555.918557,27,17,"多云","多云",2,"阴晴云",1,"东北风","1级",1,2018,3
2018-03-28,2,1.07025261,15011.88,14026.48296,28,19,"多云","多云",2,"阴晴云",1,"南风","2级",2,2018,3
2018-03-29,3,1.218368609,13443,11033.60666,27,19,"多云","多云",2,"阴晴云",1,"南风","1级",1,2018,3
2018-03-30,4,1.272917252,12028,9449.160955,27,20,"多云","多云",2,"阴晴云",1,"东北风","1级",1,2018,3
2018-04-02,0,1.015275637,9276.5,9136.927608,29,21,"多云","多云",2,"阴晴云",1,"东南风","2级",2,2018,4
2018-04-03,1,1.098062937,7308,6655.35622,30,21,"多云","多云",2,"阴晴云",1,"东南风","2级",2,2018,4
2018-04-09,0,1.015275637,4392,4325.918833,27,15,"晴","晴",1,"阴晴云",1,"南风","2级",2,2018,4
2018-04-10,1,1.098062937,9647,8785.470916,28,21,"多云","多云",2,"阴晴云",1,"西南风","1级",1,2018,4
2018-04-11,2,1.07025261,8298,7753.309753,29,22,"多云","多云",2,"阴晴云",1,"东风","2级",2,2018,4
2018-04-12,3,1.218368609,9198,7549.439414,29,23,"多云","多云",2,"阴晴云",1,"东南风","2级",2,2018,4
